d_r_1_.jpg,an underwater device that is attached to the bottom of coral reef
d_r_103_.jpg,two scuba divers in the water near an old shipwreck
d_r_105_.jpg,scuba diver on the deck of an old ship
d_r_112_.jpg,an underwater camera attached to rope
d_r_113_.jpg,person scuba diving in the ocean with red tool
d_r_125_.jpg,an underwater view of an object in the water
d_r_132_.jpg,an underwater device with string attached to it
d_r_135_.jpg,two scuba divers in the water with camera
d_r_14_.jpg,two scuba divers are in the water near rock wall
d_r_145_.jpg,an underwater robot is floating on the ocean floor
d_r_148_.jpg,three scuba divers in the water near coral reefs
d_r_153_.jpg,person scuba diving in the ocean near coral reefs
d_r_160_.jpg,an underwater robot that is attached to the bottom of the ocean
d_r_162_.jpg,manta ray diving with diver in the ocean
d_r_163_.jpg,person scuba diving in the ocean near sunken ship
d_r_165_.jpg,group of people scuba diving near coral reef
d_r_169_.jpg,two scuba divers in the water near rocks
d_r_17_.jpg,person swimming underwater with camera attached to it
d_r_171_.jpg,manta ray swimming with divers in the ocean
d_r_174_.jpg,scuba divers in the water near an old shipwreck
d_r_179_.jpg,scuba diver in the water with an underwater vehicle
d_r_18_.jpg,scuba diver in the water near large rock
d_r_185_.jpg,group of scuba divers in the water
d_r_186_.jpg,group of people scuba diving in the ocean
d_r_189_.jpg,an underwater drone with propellers on the bottom of the ocean
d_r_195_.jpg,person holding red and black device under water
d_r_198_.jpg,scuba diver in the water near coral reefs
d_r_20_.jpg,two scuba divers in the water with an underwater drone
d_r_204_.jpg,scuba diver in the water near some rocks
d_r_211_.jpg,an underwater vehicle with yellow cable attached to it
d_r_215_.jpg,black surfboard is floating in the water
d_r_217_.jpg,person scuba diving next to large manta ray
d_r_22_.jpg,scuba diver with shark in the water
d_r_223_.jpg,an underwater vehicle with propeller on the bottom of the ocean
d_r_23_.jpg,scuba diver is holding device on the ocean floor
d_r_247_.jpg,two scuba divers in the water near coral reefs
d_r_249_.jpg,two people are swimming in the ocean near shark
d_r_25_.jpg,man scuba diving with small drone
d_r_253_.jpg,scuba diver in the water near coral reef
d_r_256_.jpg,an underwater robot is shown in the ocean
d_r_258_.jpg,man in scuba suit is looking at tiger shark
d_r_259_.jpg,two scuba divers swimming over coral reef
d_r_26_.jpg,man holding up piece of paper in the water
d_r_266_.jpg,scuba diver with rope attached to coral reef
d_r_268_.jpg,person with scuba suit on the bottom of the ocean
d_r_270_.jpg,person scuba diving on coral reef
d_r_273_.jpg,two scuba divers in the water near coral reef
d_r_274_.jpg,scuba diver is hanging from rope on the side of large rock
d_r_275_.jpg,two scuba divers in the water near coral reef
d_r_288_.jpg,diver is standing next to large rock
d_r_29_.jpg,man in swimming pool
d_r_293_.jpg,small boat floating in the ocean with rope attached to it
d_r_297_.jpg,person snorkeling next to shark in the ocean
d_r_298_.jpg,colorful fish on coral reef in the red sea
d_r_299_.jpg,man swimming in the ocean holding red device
d_r_3_.jpg,person in scuba suit holding an underwater device
d_r_301_.jpg,two scuba divers in the water with device attached to it
d_r_303_.jpg,man in scuba suit standing next to shark
d_r_305_.jpg,two scuba divers in the water near large rock
d_r_31_.jpg,woman scuba diving in the ocean near coral reefs
d_r_310_.jpg,scuba diver in the water near coral reef
d_r_312_.jpg,person in scuba suit looking at some rocks
d_r_316_.jpg,colorful fish is swimming near coral reef
d_r_319_.jpg,an underwater robot is shown in the ocean
d_r_323_.jpg,two scuba divers in the water near coral reefs
d_r_324_.jpg,person scuba diving in the ocean near coral reefs
d_r_326_.jpg,an underwater robot that is attached to the bottom of the ocean
d_r_327_.jpg,woman is standing on rope in the ocean
d_r_33_.jpg,an underwater robot is floating in the ocean
d_r_333_.jpg,an underwater view of yellow surfboard
d_r_340_.jpg,person swimming under water with camera attached to it
d_r_347_.jpg,woman scuba diving in the ocean with sharks
d_r_348_.jpg,scuba diver in the water near large rock
d_r_363_.jpg,man in green shirt is holding camera underwater
d_r_364_.jpg,two scuba divers holding camera underwater
d_r_37_.jpg,person swimming in pool with fins on
d_r_372_.jpg,man in green shirt is swimming underwater
d_r_376_.jpg,group of scuba divers in the water
d_r_377_.jpg,two people in bikinis and snorkeling under water
d_r_378_.jpg,two scuba divers in the ocean
d_r_381_.jpg,large group of tropical fish swimming in the ocean
d_r_382_.jpg,two scuba divers in the ocean near coral
d_r_383_.jpg,person scuba diving in the ocean
d_r_385_.jpg,group of scuba divers in the water near an old ship
d_r_387_.jpg,group of scuba divers in the ocean
d_r_388_.jpg,scuba diver in the ocean near coral reefs
d_r_399_.jpg,man holding up piece of paper under water
d_r_4_.jpg,three scuba divers in the water near coral reef
d_r_403_.jpg,person scuba diving in the ocean
d_r_404_.jpg,person swimming in the ocean with camera attached to it
d_r_406_.jpg,two scuba divers in the water with an underwater camera
d_r_419_.jpg,scuba diving in the caribbean
d_r_428_.jpg,an underwater camera attached to rope in the ocean
d_r_437_.jpg,scuba diver is standing on top of an old ship
d_r_439_.jpg,scuba diver in the water near large rock
d_r_440_.jpg,two scuba divers in the water under an old pier
d_r_444_.jpg,scuba diver in the water near coral reef
d_r_447_.jpg,scuba diving in the philippines
d_r_450_.jpg,man in green shirt under water holding camera
d_r_455_.jpg,person scuba diving on coral reef
d_r_46_.jpg,man in scuba suit standing next to large shark
d_r_463_.jpg,man in swimming pool
d_r_466_.jpg,person scuba diving with manta ray
d_r_467_.jpg,scuba diver in the water near large rock
d_r_470_.jpg,an underwater vehicle with propellers attached to it
d_r_473_.jpg,an underwater view of boat floating in the water
d_r_474_.jpg,person swimming in the ocean with remote controlled vehicle
d_r_476_.jpg,two scuba divers holding an ipad in the water
d_r_486_.jpg,person wearing scuba gear holding an underwater camera
d_r_493_.jpg,two scuba divers in the water near coral reef
d_r_494_.jpg,two scuba divers on the ocean floor
d_r_496_.jpg,person scuba diving in the ocean
d_r_5_.jpg,person in wetsuit swimming underwater
d_r_50_.jpg,two scuba divers in the water near coral reefs
d_r_504_.jpg,two scuba divers in the middle of coral reef
d_r_51_.jpg,an underwater vehicle with camera on top of it
d_r_510_.jpg,scuba diver in the water near coral reef
d_r_513_.jpg,man in green shirt is underwater looking at rocks
d_r_514_.jpg,woman scuba diving in the ocean with sharks
d_r_516_.jpg,scuba diver exploring the coral reef underwater video stock bâ€“roll
d_r_519_.jpg,person scuba diving over coral reef
d_r_52_.jpg,man swimming in the ocean with many fish
d_r_526_.jpg,man swimming under water in pool
d_r_527_.jpg,person swimming underwater with camera
d_r_533_.jpg,three scuba divers in the water near coral reefs
d_r_541_.jpg,an underwater view of boat floating in the ocean
d_r_542_.jpg,scuba diver in the water near coral reefs
d_r_546_.jpg,man in scuba suit swimming with sharks
d_r_549_.jpg,an underwater view of white object floating in the water
d_r_551_.jpg,two scuba divers in the water near rocks
d_r_553_.jpg,man in swimming pool
d_r_555_.jpg,two scuba divers in the water with their fins
d_r_563_.jpg,diver and whale shark in the ocean
d_r_564_.jpg,two scuba divers are underwater with drone
d_r_576_.jpg,man holding camera underwater in the ocean
d_r_587_.jpg,man in swimsuit holding camera underwater
d_r_588_.jpg,man holding camera underwater in the ocean
d_r_59_.jpg,scuba diver is underwater with camera attached to it
d_r_591_.jpg,person scuba diving over coral reef
d_r_594_.jpg,man in wetsuit standing on top of boat
d_r_597_.jpg,person scuba diving in the ocean with fish
d_r_600_.jpg,man in swimming pool with fins on his feet
d_r_604_.jpg,person scuba diving in the ocean
d_r_605_.jpg,person swimming under water in an indoor pool
d_r_606_.jpg,divers swimming over coral reef with fish
d_r_607_.jpg,man in green shirt under water holding an object
d_r_61_.jpg,man in scuba suit feeding shark
d_r_615_.jpg,scuba divers in the ocean near sunken ship
d_r_617_.jpg,an underwater robot is in the middle of coral reef
d_r_618_.jpg,scuba divers in the water near large rock wall
d_r_622_.jpg,person scuba diving in the ocean near coral reefs
d_r_624_.jpg,man in scuba gear holding piece of paper
d_r_629_.jpg,fish swimming in the clear water of the ocean
d_r_63_.jpg,scuba diver in the water near large rock
d_r_632_.jpg,person swimming in the ocean with drone
d_r_633_.jpg,an underwater view of toilet in the ocean
d_r_638_.jpg,two scuba divers in the water near an old shipwreck
d_r_649_.jpg,person scuba diving in the ocean
d_r_65_.jpg,three scuba divers in the water near coral reefs
d_r_651_.jpg,scuba diver in the water near rock formation
d_r_654_.jpg,person swimming in an indoor pool with fins on
d_r_656_.jpg,an underwater robot that is floating in the ocean
d_r_657_.jpg,an underwater robot is floating on the ocean floor
d_r_661_.jpg,cell phone underwater with rope attached to it
d_r_662_.jpg,man holding camera underwater in the ocean
d_r_664_.jpg,an underwater camera attached to rock
d_r_668_.jpg,scuba diver in the middle of large body of water
d_r_67_.jpg,two scuba divers are swimming over coral reef
d_r_674_.jpg,manta ray swimming in the ocean with diver
d_r_675_.jpg,an underwater vehicle is shown in the ocean
d_r_682_.jpg,person scuba diving with manta ray
d_r_689_.jpg,an underwater robot is floating in the ocean
d_r_690_.jpg,an underwater device is shown in the ocean
d_r_692_.jpg,man swimming with sharks in the ocean
d_r_695_.jpg,person scuba diving with red and white drone
d_r_700_.jpg,two people scuba diving in the ocean
d_r_702_.jpg,two scuba divers in the water near sunken ship
d_r_706_.jpg,two scuba divers in the water near coral reefs
d_r_709_.jpg,person swimming underwater in an indoor pool
d_r_710_.jpg,man in green shirt holding camera underwater
d_r_712_.jpg,scuba diver in the ocean with camera
d_r_714_.jpg,scuba diver in the ocean near coral reefs
d_r_715_.jpg,person swimming in the ocean with an underwater camera
d_r_716_.jpg,two scuba divers on coral reef in the ocean
d_r_722_.jpg,person underwater holding piece of paper
d_r_723_.jpg,manta ray swimming in the ocean
d_r_730_.jpg,person scuba diving in the ocean near coral reef
d_r_732_.jpg,scuba diver in the water
d_r_733_.jpg,person in scuba suit with coral on the ocean floor
d_r_738_.jpg,scuba diver in the water near an old shipwreck
d_r_739_.jpg,man in green shirt is holding an underwater camera
d_r_740_.jpg,group of scuba divers in the ocean
d_r_741_.jpg,two scuba divers in the water with an underwater camera
d_r_742_.jpg,person in wetsuit swimming next to shark
d_r_745_.jpg,scuba diver in the ocean near rocks
d_r_746_.jpg,two scuba divers holding small device in the water
d_r_749_.jpg,person scuba diving in the ocean near coral reefs
d_r_759_.jpg,an underwater camera attached to rope in the ocean
d_r_765_.jpg,group of scuba divers on reef
d_r_768_.jpg,three scuba divers in the water near coral reefs
d_r_77_.jpg,person underwater holding an electronic device
d_r_771_.jpg,scuba diver in the water near shipwreck
d_r_776_.jpg,man in scuba suit is feeding shark
d_r_78_.jpg,an underwater robot with camera attached to it
d_r_783_.jpg,small underwater vehicle with yellow fins attached to it
d_r_788_.jpg,an underwater robot with camera attached to it
d_r_789_.jpg,scuba divers are surrounded by sharks in the ocean
d_r_795_.jpg,scuba diver taking pictures of shark in the ocean
d_r_797_.jpg,two scuba divers in the water near coral reefs
d_r_798_.jpg,scuba diver is holding remote control underwater
d_r_80_.jpg,scuba diver holding red object in the water
d_r_800_.jpg,man in scuba suit is surrounded by sharks
d_r_87_.jpg,two scuba divers holding hands in the water
f_r_1_.jpg,colorful parrotfish swims near coral reef
f_r_100_.jpg,an orange and black striped sea slug on the ocean floor
f_r_1000_.jpg,group of fish swimming in the water
f_r_1006_.jpg,lobster on the reef
f_r_1007_.jpg,group of fish swimming around coral reef
f_r_101_.jpg,large turtle swimming in the ocean near some rocks
f_r_1011_.jpg,green sea turtle swimming in the ocean
f_r_1012_.jpg,fish swimming on the coral reef in the red sea
f_r_1013_.jpg,large group of fish swimming in the ocean
f_r_1014_.jpg,group of jellyfish swimming in the ocean
f_r_1016_.jpg,fish swimming in the ocean near coral reefs
f_r_1017_.jpg,blue and white fish swimming near coral reef
f_r_1019_.jpg,pink anemone sits on top of coral reef
f_r_102_.jpg,large group of fish swimming in the ocean
f_r_1020_.jpg,large group of black and blue fish in the ocean
f_r_1021_.jpg,an underwater view of coral reefs and fish
f_r_1023_.jpg,blue and green fish on coral reef
f_r_1024_.jpg,anemone and clown fish swimming in the ocean
f_r_1025_.jpg,fish is swimming in the water near coral reef
f_r_1026_.jpg,black and yellow fish swimming in the ocean
f_r_1028_.jpg,clown fish in an aquarium with an anemone
f_r_1029_.jpg,green sponge on rock in the ocean
f_r_103_.jpg,an underwater view of coral reef and some fish
f_r_1030_.jpg,group of fish swim in the water near coral reef
"f_r_1031_.jpg,""coral reefs in the great barrier reef, australia"""
f_r_1032_.jpg,large manta ray swimming in the ocean
f_r_1034_.jpg,large group of fish swimming on coral reef
f_r_1036_.jpg,group of yellow and white striped fish
f_r_1037_.jpg,colorful coral reef with many different types of fish
f_r_1039_.jpg,group of black and white striped fish on coral reef
f_r_1040_.jpg,group of black and white fish swimming in the ocean
f_r_1041_.jpg,group of black and white fish swimming in the ocean
f_r_1042_.jpg,coral reef with many different types of fish
f_r_1044_.jpg,red fish sitting on top of coral reef
f_r_1046_.jpg,an underwater view of rocks and coral in the ocean
f_r_1047_.jpg,small fish on the bottom of sandy area
f_r_1048_.jpg,coral reef with many different types of corals
f_r_1049_.jpg,black and white fish with orange sponges in the water
f_r_1050_.jpg,turtle is swimming in the water near some coral
f_r_1052_.jpg,puffer fish on coral reef
f_r_1053_.jpg,manta ray swimming in the ocean
f_r_1054_.jpg,anemone and clown fish swimming in the ocean
f_r_1058_.jpg,large conch shell on the bottom of the ocean
f_r_1060_.jpg,close up of some green algae in an aquarium
f_r_1061_.jpg,group of fish swimming near coral reef
f_r_1062_.jpg,black and white butterfly fish on coral reef
f_r_1063_.jpg,an underwater view of coral reef with many fish
f_r_1064_.jpg,group of fish swimming in the water
f_r_1066_.jpg,an underwater view of coral reef with many different types of fish
f_r_1067_.jpg,coral reef with many fish swimming around it
f_r_1068_.jpg,lobster on the bottom of the sea
f_r_1069_.jpg,parrotfish swimming on coral reef
f_r_107_.jpg,large group of fish swimming in the ocean
f_r_1070_.jpg,blue and yellow angelfish on coral reef
f_r_1071_.jpg,turtle swimming in the ocean near some rocks
f_r_1072_.jpg,an underwater view of shipwreck in the ocean
f_r_1073_.jpg,group of fish swimming in the water near an old ship
f_r_1075_.jpg,coral reef with many different types of corals
f_r_1076_.jpg,person snorkeling in the ocean near large rock
f_r_1077_.jpg,colorful fish is swimming on the ocean floor
f_r_1078_.jpg,green sea turtle swimming in the ocean
f_r_1080_.jpg,black and yellow fish swimming in the ocean
f_r_1081_.jpg,coral reef in the red sea
"f_r_1082_.jpg,""coral reefs in the great barrier reef, australia"""
f_r_1083_.jpg,group of sharks swimming in the ocean
f_r_1086_.jpg,an underwater view of coral reef and fish
f_r_1087_.jpg,an underwater view of coral reef
f_r_1088_.jpg,coral reef with many different types of corals
f_r_1093_.jpg,large group of fish swimming in the ocean
f_r_1095_.jpg,anemone and clown fish in coral reef
f_r_1096_.jpg,large group of fish swimming in the ocean
f_r_1097_.jpg,great white shark swimming in the ocean
f_r_1098_.jpg,sea urchin on coral reef
f_r_1099_.jpg,coral reef with many different types of corals
f_r_1102_.jpg,large group of fish swimming in the water
f_r_1107_.jpg,group of fish swimming around coral reef
f_r_1108_.jpg,anemone and clown fish swimming in the ocean
f_r_1109_.jpg,turtle swimming over coral reef
f_r_111_.jpg,coral reef with many fish swimming around it
f_r_1110_.jpg,large manta ray swimming in the ocean
f_r_1112_.jpg,squid floating in the ocean with its tentacles out
f_r_1113_.jpg,large group of fish swimming on coral reef
f_r_1114_.jpg,an underwater view of coral reef with fish
f_r_1115_.jpg,an underwater view of coral reef with many different types of corals
f_r_1116_.jpg,stingray swimming in the ocean near some fish
f_r_1118_.jpg,puffer fish swimming in the ocean
f_r_1119_.jpg,coral reef with many different types of corals
f_r_1120_.jpg,group of black and white fish swimming near rock
f_r_1123_.jpg,large group of fish in an aquarium
f_r_1124_.jpg,an underwater view of coral reefs and fish
f_r_1125_.jpg,coral reef with fish swimming around it
f_r_1127_.jpg,an underwater view of coral reefs and fish
f_r_1128_.jpg,humpback whale swimming in the ocean
f_r_1129_.jpg,large group of black and white fish on coral reef
f_r_1130_.jpg,small black and white striped fish on the sand
f_r_1131_.jpg,starfish on the bottom of the ocean
f_r_1133_.jpg,large sea fan on the bottom of the ocean
f_r_1134_.jpg,an underwater view of coral reef with many fish
f_r_1136_.jpg,group of black and white fish swimming in the ocean
f_r_1137_.jpg,group of fish swimming around coral reef
f_r_1140_.jpg,person holding snorkel in the water next to an old shipwreck
f_r_1142_.jpg,group of fish swimming in the ocean
f_r_1144_.jpg,group of tropical fish swimming in the ocean
f_r_1147_.jpg,group of red fish swimming near coral reef
f_r_1149_.jpg,group of people swimming with sharks in the ocean
f_r_115_.jpg,group of fish swimming around coral reef
f_r_1150_.jpg,small green plant is growing on the rocks
f_r_1151_.jpg,turtle is swimming in the ocean and looking up
f_r_1152_.jpg,coral reef with many different types of fish
f_r_1153_.jpg,an underwater view of coral reef with blue fish
f_r_1154_.jpg,green sea turtle swimming in the ocean
f_r_1155_.jpg,coral reef with many different types of fish
f_r_1157_.jpg,an underwater view of coral reef with some fish
f_r_1161_.jpg,underwater view of fish swimming in the ocean
f_r_1162_.jpg,anemone fish and clown fish in the ocean
f_r_1163_.jpg,an underwater view of coral reef with many fish
"f_r_1164_.jpg,""coral reefs in the great barrier reef, australia"""
f_r_1166_.jpg,anemone fish and clown fish in coral reef
f_r_1167_.jpg,group of sharks swimming in the ocean
f_r_1168_.jpg,group of fish swimming around coral reef
f_r_117_.jpg,fish swims over coral reef in the ocean
f_r_1171_.jpg,scuba diver swimming over coral reef
f_r_1175_.jpg,shark swimming in the ocean near coral reef
f_r_1176_.jpg,colorful fish with its mouth open in the ocean
f_r_1177_.jpg,sunbeams shine through the water on coral reef
f_r_1178_.jpg,group of people swimming with sharks in the ocean
f_r_1179_.jpg,coral reef in the great barrier reef
f_r_118_.jpg,group of fish swimming on coral reef
f_r_1180_.jpg,large jellyfish floating in the ocean
f_r_1183_.jpg,puffer fish on coral reef in the caribbean
f_r_1187_.jpg,an underwater view of coral reef with many fish
f_r_119_.jpg,fish swimming on coral reef in the red sea
f_r_1192_.jpg,sea turtle in the grass
f_r_1193_.jpg,scuba diver is surrounded by fish in the ocean
f_r_1194_.jpg,anemone and clown fish on the reef
f_r_1195_.jpg,tropical fish on coral reef
f_r_1196_.jpg,colorful fish is swimming near coral reef
f_r_1197_.jpg,group of yellow and blue fish swimming on coral reef
f_r_1198_.jpg,red and black fish swimming near coral reef
f_r_1200_.jpg,dolphins swimming in the ocean with sunbeams shining on them
f_r_1201_.jpg,an underwater view of coral reef with fish
f_r_1202_.jpg,an underwater view of coral reef
f_r_1207_.jpg,blue and yellow fish in the water near rocks
f_r_1208_.jpg,green and yellow eel hiding in the sand
f_r_1209_.jpg,an underwater view of coral reef with many different types of fish
f_r_121_.jpg,anemone and fish swimming in the ocean
f_r_1210_.jpg,an angelfish swimming near coral reef
f_r_1212_.jpg,coral reefs in the red sea
f_r_1214_.jpg,group of fish swimming near coral reef
f_r_1215_.jpg,an underwater view of coral reef with sponges and corals
f_r_1216_.jpg,coral reef with many fish swimming around it
f_r_1219_.jpg,black and white octopus in an open shell
f_r_122_.jpg,colorful parrotfish on coral reef
f_r_1221_.jpg,group of fish swimming around coral reef
f_r_1224_.jpg,an underwater view of coral reef with many different types of fish
f_r_1227_.jpg,an orange and black fish swimming near coral reef
f_r_123_.jpg,blue and yellow fish swimming on coral reef
f_r_1230_.jpg,an orange sea anemone on coral reef
f_r_1231_.jpg,an underwater view of coral reef with many fish
f_r_1232_.jpg,tropical fish on coral reef in the red sea
f_r_1233_.jpg,large group of yellow and white fish
f_r_1235_.jpg,fish swimming on coral reef in the red sea
f_r_1237_.jpg,an underwater view of coral reef with many different types of fish
f_r_1238_.jpg,red fish swims near coral reef
f_r_1239_.jpg,green sea turtle swimming in the ocean
f_r_1241_.jpg,group of people swimming with sharks in the ocean
f_r_1242_.jpg,large group of fish swimming around coral reef
f_r_1243_.jpg,turtle swimming in the ocean near coral reefs
f_r_1246_.jpg,two large fish swimming in the ocean with scuba gear
f_r_1249_.jpg,great white shark swimming in the ocean
f_r_125_.jpg,pink fish is sitting on top of coral reef
f_r_1252_.jpg,group of fish swimming on coral reef
f_r_1259_.jpg,group of fish swimming on coral reef
f_r_126_.jpg,fish is swimming in the water near coral reefs
f_r_1265_.jpg,two colorful fish swimming near coral reefs in the red sea
f_r_1267_.jpg,butterfly fish in the red sea
f_r_1271_.jpg,coral reef and fish swimming in the ocean
f_r_1274_.jpg,group of fish swim in the water near coral reef
f_r_1280_.jpg,an underwater view of coral reef with many corals
f_r_1289_.jpg,turtle swimming in the ocean near coral reefs
f_r_1290_.jpg,group of black and blue fish swimming in the ocean
f_r_1291_.jpg,an underwater view of coral reef with fish
f_r_1294_.jpg,an underwater view of reef with fish and coral
f_r_1295_.jpg,group of blue fish on coral reef
f_r_1296_.jpg,an underwater view of coral reefs and fish
f_r_1297_.jpg,scuba diver exploring coral reef
f_r_1300_.jpg,an orange squid with long tentacles swimming in the ocean
f_r_1301_.jpg,black and white striped fish swimming in the ocean
f_r_1302_.jpg,jellyfish is swimming in the ocean with bunch of fish
f_r_1304_.jpg,an underwater view of coral reef with an orange sea fan
f_r_1305_.jpg,an orange sea fan on coral reef
f_r_1306_.jpg,underwater view of coral reef with many fish
f_r_1307_.jpg,an underwater view of coral reef with fish swimming around
f_r_1313_.jpg,sting ray swimming in the sand
f_r_1315_.jpg,coral reef with many fish swimming around it
f_r_1316_.jpg,an underwater view of coral reef with many different types of fish
f_r_1317_.jpg,group of sharks swimming in the ocean
f_r_1318_.jpg,turtle swimming in the ocean near coral reef
f_r_132_.jpg,group of blue fish swimming in clear water
f_r_1320_.jpg,clown fish and anemonia in the ocean
f_r_1321_.jpg,group of penguins swimming in an aquarium
f_r_1322_.jpg,coral reef with fish swimming in the water
f_r_1324_.jpg,fish swimming over coral reef in the red sea
f_r_1327_.jpg,green sea turtle on the coral reef
f_r_1332_.jpg,fish is swimming on the bottom of the ocean
f_r_1335_.jpg,tropical fish swimming on coral reef
f_r_1339_.jpg,group of yellow and black fish on coral reef
f_r_1341_.jpg,large tiger shark swimming in the ocean
f_r_1346_.jpg,squid floating in the ocean with its tentacles out
f_r_1347_.jpg,person swimming next to shark in the ocean
f_r_1348_.jpg,white and yellow sea slug on coral reef
f_r_1353_.jpg,anemone and clown fish on coral reef
f_r_1355_.jpg,anemone and clown fish on coral reef
f_r_1356_.jpg,an underwater view of coral reef with many different types of fish
f_r_136_.jpg,large group of fish swimming in an aquarium
f_r_1360_.jpg,small fish is sitting on top of coral reef
f_r_1362_.jpg,coral reef and tropical fish in the ocean
f_r_1364_.jpg,an underwater view of an old shipwreck
f_r_1365_.jpg,an underwater view of coral reef with many sponges
f_r_1369_.jpg,underwater view of coral reefs and fish swimming in the ocean
f_r_1371_.jpg,man snorkeling near coral reef with many different types of fish
f_r_1372_.jpg,an underwater view of coral reef with many different types of fish
f_r_1373_.jpg,person swimming next to shark in the ocean
f_r_1374_.jpg,coral reef in the caribbean
f_r_1375_.jpg,an underwater view of coral reef with many different types of corals
f_r_1376_.jpg,stingray swims in front of coral reef
f_r_1381_.jpg,large group of tropical fish swimming in an aquarium
f_r_1382_.jpg,two large sharks swimming in an aquarium
f_r_1383_.jpg,shark swimming in the ocean near coral reef
f_r_1385_.jpg,coral reef in the great barrier reef
f_r_1386_.jpg,stingray swimming in the ocean near coral reefs
f_r_1387_.jpg,group of yellow and black fish in the water
f_r_1389_.jpg,green sea turtle swimming in the ocean
f_r_1392_.jpg,manta ray swimming near group of fish
f_r_1394_.jpg,black and white striped fish swimming in the ocean
f_r_1401_.jpg,black and yellow fish on coral reef
f_r_1407_.jpg,an underwater view of coral reef with many different types of corals
f_r_1409_.jpg,group of purple sea anemones on the ocean floor
f_r_141_.jpg,coral reef with many different types of fish
f_r_1417_.jpg,green sea turtle swimming in the ocean near coral reefs
f_r_1418_.jpg,coral reef with many different types of corals
f_r_1420_.jpg,green sea turtle swimming in the ocean
f_r_1421_.jpg,an underwater view of coral reef in the ocean
f_r_1424_.jpg,manta ray swimming in the ocean near boat
f_r_1425_.jpg,large group of fish swimming around coral reef
f_r_143_.jpg,an underwater view of colorful coral and fish
f_r_1430_.jpg,blue tang fish on coral reef in the caribbean sea
f_r_1433_.jpg,an underwater view of an old shipwreck
f_r_1434_.jpg,an underwater view of coral reef with lots of fish
f_r_1437_.jpg,green sea turtle on coral reef
f_r_1438_.jpg,an orange and white clown fish in an anemone
f_r_1439_.jpg,coral reef with many different types of corals
f_r_1441_.jpg,anemonia and clown fish swimming in the ocean
f_r_1443_.jpg,black fish swimming in the ocean near some rocks
f_r_1444_.jpg,blue fish is swimming in the ocean
"f_r_1446_.jpg,""christ the redeemer statue in rio de janeiro, brazil"""
f_r_1447_.jpg,anemone and clown fish on coral reef
f_r_145_.jpg,green moray eel in coral reef
f_r_1451_.jpg,an underwater scene with many colorful corals and fish
f_r_1454_.jpg,anemone and fish swimming in coral reef
f_r_1459_.jpg,sea turtle swimming in shallow water
f_r_146_.jpg,stingray swimming in the sand near coral reef
f_r_1464_.jpg,an underwater view of coral reef with fish
f_r_1469_.jpg,an underwater view of rock in the water
f_r_147_.jpg,group of fish swimming around coral reef
f_r_1481_.jpg,green sea turtle swimming in shallow water
f_r_1482_.jpg,large green turtle swimming in the ocean
f_r_1483_.jpg,group of fish swimming around coral reef
f_r_1485_.jpg,two manta rays swimming in the ocean
f_r_1486_.jpg,colorful parrot fish swimming in the ocean
f_r_1487_.jpg,group of red fish in coral reef
f_r_1488_.jpg,seahorse on coral reef
f_r_1491_.jpg,green sea turtle swimming in the ocean
f_r_1492_.jpg,fish swimming on the coral reef in the red sea
f_r_1493_.jpg,underwater view of coral reef with anemones and fish
f_r_1494_.jpg,an underwater view of coral reef
f_r_1495_.jpg,large coral reef with many different types of corals
f_r_1496_.jpg,group of fish swimming on coral reef
f_r_1497_.jpg,green sea turtle swimming in the ocean near coral reefs
f_r_1499_.jpg,coral reef with many different types of fish
f_r_150_.jpg,jellyfish floating in the ocean with many fish around it
f_r_1500_.jpg,group of fish swimming near coral reef
f_r_1501_.jpg,two lion fish swimming in an aquarium
f_r_1502_.jpg,clown fish and anemone in an aquarium
f_r_1506_.jpg,an underwater view of fish swimming around coral reef
f_r_1507_.jpg,fish on the sandy bottom of coral reef
f_r_1511_.jpg,group of fish swimming on coral reef
f_r_1512_.jpg,large group of yellow and white fish swimming in the ocean
f_r_1513_.jpg,group of people swimming around coral reef
f_r_1514_.jpg,large group of blue fish swimming in the ocean
f_r_1515_.jpg,fish is swimming on the bottom of the ocean
f_r_1516_.jpg,an underwater view of coral reef with fish
f_r_1517_.jpg,yellow and black fish swimming in the ocean
f_r_1518_.jpg,two fish swimming in an aquarium with some rocks
f_r_152_.jpg,group of fish swimming in the ocean
f_r_1525_.jpg,manta ray swimming in the ocean
f_r_1526_.jpg,black and orange fish with an orange spot on its head
f_r_1527_.jpg,large group of fish swimming on coral reef
f_r_1528_.jpg,group of fish on coral reef
f_r_1529_.jpg,group of fish swimming near coral reef
f_r_1530_.jpg,group of fish on coral reef in the ocean
"f_r_1531_.jpg,""coral reef in the great barrier reef, australia"""
f_r_1533_.jpg,large shark swimming in an aquarium
f_r_1534_.jpg,small blue fish is swimming in an aquarium
f_r_1535_.jpg,black fish is swimming near coral reef
f_r_1536_.jpg,coral reef in the red sea
f_r_1537_.jpg,black and white butterflyfish on coral reef
f_r_1538_.jpg,coral reefs in the great barrier reef
f_r_1539_.jpg,black and white butterfly fish in an aquarium
f_r_154_.jpg,an underwater view of coral reef
f_r_1542_.jpg,an underwater view of coral reef with fish swimming around
f_r_1543_.jpg,tropical fish on coral reef
f_r_1545_.jpg,jellyfish floating in the ocean
f_r_1546_.jpg,coral reef with many red and white corals
f_r_1547_.jpg,yellow and black fish swimming in the ocean
f_r_1549_.jpg,lobster on coral reef
f_r_155_.jpg,an underwater view of coral reef with many fish
f_r_1550_.jpg,group of blue fish swimming around coral reef
f_r_1551_.jpg,coral reef in the red sea
f_r_1552_.jpg,an underwater view of coral reef with fish
f_r_1553_.jpg,anemone in the red sea
f_r_1554_.jpg,coral reef underwater stock videos royalty-free footage
f_r_1556_.jpg,an underwater view of coral reef with fish
f_r_1559_.jpg,puffer fish swimming over coral reef
f_r_1561_.jpg,large group of crabs on the ocean floor
f_r_1564_.jpg,coral reef with many different types of corals
f_r_1565_.jpg,two dolphins swimming in the ocean near each other
f_r_1569_.jpg,an old propeller on the bottom of ship
f_r_157_.jpg,blue and yellow fish swim in the ocean near coral reefs
f_r_1570_.jpg,sea turtle swimming in the sand
f_r_1571_.jpg,two stingrays swimming in the ocean
f_r_1572_.jpg,large group of fish swimming in the ocean
f_r_1577_.jpg,an underwater view of coral reef with fish
f_r_1579_.jpg,an underwater view of coral reef with some sponges
f_r_1582_.jpg,fish is sitting on the bottom of sandy area
f_r_1583_.jpg,group of pink fish swimming in the ocean
f_r_1584_.jpg,blue sea urchin on coral reef
f_r_1585_.jpg,coral reef with many different types of fish
f_r_1586_.jpg,coral reef with many different types of fish
f_r_1587_.jpg,fish swims near coral reef in the red sea
f_r_1589_.jpg,yellow sea anemone on coral reef
f_r_1590_.jpg,group of fish swimming around coral reef
f_r_1594_.jpg,large group of fish swimming in the ocean
f_r_1595_.jpg,an eel is hiding under coral reef
f_r_1599_.jpg,fish with black and white body is swimming in the sand
f_r_16_.jpg,sting ray swimming on rock in the ocean
f_r_160_.jpg,green sea turtle swimming in the ocean
f_r_1604_.jpg,coral reef with many different types of fish
f_r_1606_.jpg,fish swimming on coral reef in the red sea
f_r_1607_.jpg,coral reef with many different types of corals
f_r_1609_.jpg,group of yellow butterfly fish swimming near coral reefs
f_r_1615_.jpg,blue and yellow fish on coral reef
f_r_1616_.jpg,blacktip shark swimming in the ocean
f_r_1617_.jpg,manatee swimming in the clear water
f_r_1618_.jpg,three colorful fish swimming in the ocean
f_r_162_.jpg,group of fish swimming in the ocean
f_r_1621_.jpg,coral reef with many different types of fish
f_r_1622_.jpg,coral reef in the caribbean
f_r_1623_.jpg,turtle swimming over coral reefs in the great barrier reef
f_r_1626_.jpg,group of fish swimming on coral reef
f_r_163_.jpg,coral reef and fish swimming in the ocean
f_r_1630_.jpg,colorful fish is sitting on coral reef
f_r_1631_.jpg,green sea turtle swimming in the ocean
f_r_1632_.jpg,coral reef in the red sea
f_r_1635_.jpg,colorful tropical fish swimming in an aquarium
f_r_1636_.jpg,coral reef with many fish swimming around it
f_r_1639_.jpg,coral reef in the red sea
f_r_1643_.jpg,an underwater view of coral reef with fish
f_r_1645_.jpg,coral reefs in the red sea
f_r_1646_.jpg,tropical fish in the aquarium
f_r_1647_.jpg,colorful fish is swimming near coral reef
f_r_1649_.jpg,green sea turtle swimming in the ocean
f_r_165_.jpg,green turtle swimming over coral reef
f_r_1650_.jpg,an underwater scene with coral and fish
f_r_1651_.jpg,large lobster on the bottom of the ocean
f_r_1653_.jpg,fish is swimming on the ocean floor
f_r_1656_.jpg,two yellow and black fish swimming on coral reef
f_r_166_.jpg,manta ray swimming in the ocean
f_r_1660_.jpg,purple sea anemone on top of rock
"f_r_1661_.jpg,""coral reefs in the great barrier reef, australia"""
f_r_1663_.jpg,group of fish swimming in the ocean
f_r_1664_.jpg,stingray swimming in the sand near some rocks
f_r_1665_.jpg,an underwater view of coral reef with many fish
f_r_1666_.jpg,group of blue fish swimming in the ocean
"f_r_1667_.jpg,""coral reef in the great barrier reef, australia"""
f_r_1672_.jpg,green sea turtle swimming in the ocean near coral reefs
f_r_1673_.jpg,colorful parrotfish swims near coral reef
f_r_1674_.jpg,divers exploring the reef in bali
f_r_1678_.jpg,scuba diver swims over coral reef
f_r_1679_.jpg,group of people scuba diving in the ocean
f_r_1682_.jpg,large shark swimming in an aquarium
f_r_1683_.jpg,large group of black fish swimming on coral reef
f_r_1684_.jpg,diver on coral reef in the middle of the ocean
f_r_1685_.jpg,large group of yellow and black fish on coral reef
f_r_1686_.jpg,black and white striped fish swimming in the ocean
f_r_1687_.jpg,pink sea anemone on the bottom of the ocean
f_r_1690_.jpg,group of fish on coral reef in the ocean
f_r_1691_.jpg,an underwater view of coral reef with fish
f_r_1692_.jpg,small fish on the bottom of sandy area
f_r_1693_.jpg,green sea turtle on coral reef
f_r_1694_.jpg,an orange and white clown fish in an anemone
f_r_1695_.jpg,purple fish in an aquarium with green and yellow corals
f_r_1696_.jpg,group of fish on coral reef
f_r_1697_.jpg,an underwater view of coral reef with many different types of corals
f_r_1698_.jpg,an orange and black fish swimming near coral reef
f_r_17_.jpg,coral reef in the red sea
f_r_1701_.jpg,two yellow and black fish are swimming near coral reef
f_r_1708_.jpg,lionfish is swimming on the reef
f_r_1709_.jpg,an underwater view of coral reef with many different types of fish
f_r_171_.jpg,large group of fish swimming on coral reef
f_r_1716_.jpg,coral reef with many different types of corals
f_r_1719_.jpg,group of sharks swimming in the ocean
f_r_172_.jpg,blue and yellow parrot fish swimming in the ocean
f_r_1724_.jpg,coral reef with pink seaweed and fish
f_r_1725_.jpg,colorful fish swims over coral reef
f_r_1726_.jpg,scuba diver surrounded by school of fish
f_r_1729_.jpg,two clown fish in anemones on coral reef
f_r_173_.jpg,red coral on the ocean floor
f_r_1730_.jpg,large group of sharks swimming in the ocean
f_r_1731_.jpg,large brown eel swimming in the ocean
f_r_1732_.jpg,an orange octopus is sitting on the ocean floor
f_r_1733_.jpg,red fish is sitting on coral reef
f_r_1734_.jpg,green sea turtle swimming in the ocean
f_r_1735_.jpg,black and yellow fish is swimming near coral reef
f_r_1736_.jpg,an orange and yellow fish on coral reef
f_r_174_.jpg,group of fish swimming in the ocean
f_r_1740_.jpg,group of fish on coral reef
f_r_1741_.jpg,shark swimming near coral reef in the maldives
f_r_1743_.jpg,tropical fish on coral reef in indonesia
f_r_1744_.jpg,group of fish on rock in the ocean
f_r_1745_.jpg,large fish swimming in the water
f_r_1747_.jpg,green sea turtle on the bottom of coral reef
f_r_1749_.jpg,group of colorful fish on coral reef
f_r_1750_.jpg,an aquarium with many different types of fish and coral
f_r_1751_.jpg,anemone clown fish on the coral reef
f_r_1753_.jpg,group of blue fish on coral reef
f_r_1754_.jpg,coral reef with many different types of corals
f_r_1755_.jpg,an underwater view of coral reef with many fish
f_r_1756_.jpg,anemone and fish swimming in the ocean
f_r_1763_.jpg,an aquarium with many different types of fish
f_r_1764_.jpg,group of colorful fish swimming in the ocean
f_r_1765_.jpg,blue starfish on the bottom of the ocean
f_r_1766_.jpg,group of fish swimming in the ocean
"f_r_1767_.jpg,""coral reefs in the great barrier reef, australia"""
f_r_1768_.jpg,coral reef with many different types of fish
f_r_1769_.jpg,coral reef with fish and sponges underwater stock videos royalty-free footage
f_r_1770_.jpg,coral reef with many different types of fish
f_r_1772_.jpg,tropical fish on coral reef
f_r_1773_.jpg,an underwater view of coral reef with colorful fish
f_r_1774_.jpg,anemones and clown fish swimming in the ocean
f_r_1777_.jpg,hermit crab with purple and pink spots on its shell
f_r_1779_.jpg,pink and white sea anemone on the sand
f_r_178_.jpg,fish swimming around the wreck of ship
f_r_1781_.jpg,an underwater view of coral reef with many different types of fish
f_r_1783_.jpg,black and white butterflyfish swims near coral reef
f_r_1787_.jpg,coral reef with many different types of corals
f_r_179_.jpg,sunfish swimming in the ocean near coral reef
f_r_1790_.jpg,two manta rays swimming in the ocean near coral reefs
f_r_1791_.jpg,green sea turtle swimming in the ocean
f_r_1792_.jpg,coral reef with pink and orange sponges
f_r_1793_.jpg,an orange clown fish in coral reef
f_r_180_.jpg,coral reef with many different types of sea anemones
f_r_1802_.jpg,coral reef with many fish swimming around it
f_r_1803_.jpg,large group of fish swimming on coral reef
f_r_1804_.jpg,conch shell on the sand
f_r_1805_.jpg,an underwater view of coral reef with many fish
f_r_1807_.jpg,two clown fish swimming in anemones on the reef
f_r_1809_.jpg,green sea turtle swimming in the ocean
f_r_1810_.jpg,clown fish and anemonia in the ocean
f_r_1811_.jpg,black and white striped fish on coral reef
f_r_1812_.jpg,parrotfish swimming on coral reef
f_r_1815_.jpg,fish swimming on coral reef in the red sea
"f_r_1816_.jpg,""coral reefs in the great barrier reef, australia"""
f_r_1817_.jpg,an underwater view of coral reef with many fish
f_r_1819_.jpg,red and white fish in coral reef
f_r_182_.jpg,blue and black sea snail on coral reef
f_r_1820_.jpg,large group of fish swimming in the ocean
f_r_1821_.jpg,coral reefs in the caribbean
f_r_1822_.jpg,jellyfish floating in the ocean under dark sky
f_r_1823_.jpg,sea turtle swimming in the ocean near coral reefs
f_r_1825_.jpg,coral reef with many different types of fish
f_r_1826_.jpg,an underwater view of reef with fish and coral
f_r_1827_.jpg,an underwater view of coral reef
f_r_1828_.jpg,green sea turtle swimming in the ocean
f_r_1829_.jpg,an underwater view of coral reefs and fish
f_r_183_.jpg,red fish swimming in the ocean near some rocks
f_r_1831_.jpg,group of blue and black fish on coral reef
f_r_1833_.jpg,black and white puffer fish swimming near coral reef
f_r_1837_.jpg,tropical fish in an aquarium
f_r_1840_.jpg,an orange crab on the ocean floor
f_r_1841_.jpg,two cuttlefish swim next to each other in the ocean
f_r_1844_.jpg,turtle swimming on the reef near some coral
"f_r_1845_.jpg,""scuba diving in the great barrier reef, australia"""
f_r_1846_.jpg,coral reef in the caribbean
f_r_1847_.jpg,large group of black and blue fish on coral reef
f_r_1851_.jpg,stingray swims near coral reef
f_r_1853_.jpg,an underwater view of coral reef with fish
f_r_1854_.jpg,shrimp is sitting on top of some green algae
f_r_1855_.jpg,lobster sitting on top of rock in the ocean
f_r_1856_.jpg,blue and yellow fish swimming in the ocean
f_r_1857_.jpg,great white shark swimming in the ocean
f_r_1858_.jpg,coral reef with many fish swimming around it
f_r_1860_.jpg,biological species on coral reef
f_r_1862_.jpg,large group of yellow fish swimming on coral reef
f_r_1863_.jpg,fish swimming in the ocean near coral reefs
f_r_1864_.jpg,group of blue fish on coral reef
f_r_1865_.jpg,two dolphins swimming in the ocean near each other
f_r_1866_.jpg,green sea turtle swimming in the ocean
f_r_1868_.jpg,person snorkeling in the ocean with yellow flipper
f_r_1870_.jpg,fish is sitting on coral reef with red sponges
f_r_1871_.jpg,large group of fish swimming near coral reef
f_r_1872_.jpg,an underwater view of coral reef
f_r_1875_.jpg,an underwater view of coral reef with many fish
f_r_1876_.jpg,large black and white fish swimming in the ocean
f_r_1877_.jpg,green sea turtle swimming in the ocean
f_r_1879_.jpg,sea turtle swimming in the sand
f_r_1881_.jpg,coral reef with many different types of corals
f_r_1882_.jpg,two fish swimming in the water near coral reefs
f_r_1883_.jpg,group of clown fish in an aquarium
f_r_1884_.jpg,dolphins swimming in the ocean
f_r_1885_.jpg,group of small fish swim around coral reef
f_r_1887_.jpg,stingray is swimming in the sand
f_r_189_.jpg,large group of fish swimming in the ocean
f_r_1890_.jpg,colorful parrot fish swimming in the ocean
f_r_1891_.jpg,large group of fish swimming on coral reef
f_r_1894_.jpg,two sharks swimming in an aquarium
f_r_1895_.jpg,two scuba divers looking at manta ray in the ocean
f_r_1896_.jpg,green sea turtle on coral reef in the caribbean
f_r_1897_.jpg,two fish swimming in the water near an old shipwreck
f_r_1899_.jpg,large group of fish swimming in the ocean
f_r_19_.jpg,tiger shark swimming in the ocean
f_r_190_.jpg,green sea turtle swimming near coral reef
"f_r_1900_.jpg,""coral reefs in the great barrier reef, australia"""
f_r_1901_.jpg,cuttlefish on the coral reef
f_r_1903_.jpg,an underwater view of coral reef with lots of fish
f_r_1904_.jpg,coral reef in the red sea
f_r_1908_.jpg,tropical fish on coral reef in the caribbean sea
f_r_191_.jpg,group of fish swimming in the ocean near coral reefs
f_r_1911_.jpg,an underwater view of coral reef with many different types of fish
f_r_1912_.jpg,an underwater view of coral reef with many fish
"f_r_1913_.jpg,""coral reef in the great barrier reef, australia"""
f_r_1915_.jpg,anemone fish in the ocean with black and white clown fish
f_r_192_.jpg,black and yellow angelfish swimming in the ocean
f_r_1921_.jpg,tropical fish on coral reef
f_r_1923_.jpg,coral reef with scuba diver
f_r_1924_.jpg,coral reef with many fish swimming around it
f_r_1925_.jpg,two fish are swimming near coral reef
f_r_1926_.jpg,an underwater view of coral reef with lots of fish
f_r_1928_.jpg,green and black fish is swimming near coral reef
f_r_1929_.jpg,group of fish swimming in the water
f_r_1930_.jpg,green and purple anemone on rock
f_r_1932_.jpg,colorful fish swimming on coral reef
f_r_1933_.jpg,puffer fish swimming on coral reef
f_r_1934_.jpg,an underwater view of coral reef with fish
f_r_1935_.jpg,an underwater view of coral reef and some fish
f_r_1936_.jpg,an underwater view of reef with corals and fish
f_r_1937_.jpg,two fish swimming in the ocean near coral reef
f_r_1939_.jpg,group of fish swimming near coral reef
f_r_194_.jpg,group of sharks swimming in the ocean
f_r_1941_.jpg,coral reef with many different types of corals
f_r_1943_.jpg,yellow fish swimming in an aquarium
f_r_1946_.jpg,black and white fish on coral reef
f_r_1947_.jpg,lionfish on the reef near rock
f_r_195_.jpg,coral reef with many fish swimming around it
f_r_1950_.jpg,two dolphins swimming in the blue ocean
f_r_1951_.jpg,fish is swimming in the ocean near coral reef
f_r_1952_.jpg,two humpback whales swimming in the ocean
f_r_1955_.jpg,coral reefs and fish swimming in the ocean
f_r_1956_.jpg,butterflyfish is swimming near coral reef
f_r_1957_.jpg,clown fish and anemone in the ocean
f_r_1958_.jpg,yellow fish on coral reef in the ocean
f_r_196_.jpg,large group of fish swimming in the ocean
f_r_1961_.jpg,coral reef in the red sea
f_r_1962_.jpg,two black and white fish on coral reef
"f_r_1963_.jpg,""the great barrier reef, australia"""
f_r_1964_.jpg,an underwater view of coral reef with many different types of corals
f_r_1968_.jpg,group of black and white fish swimming in the ocean
f_r_1969_.jpg,group of black fish swimming over coral reef
f_r_1970_.jpg,blue fish is swimming in the ocean
f_r_1971_.jpg,an underwater view of coral reef with many fish
f_r_1973_.jpg,an underwater view of coral reef with many different types of fish
f_r_1976_.jpg,an underwater view of coral reef with fish
f_r_198_.jpg,blacktip shark swimming in the ocean near coral reefs
f_r_1983_.jpg,an underwater view of an old shipwreck
f_r_1985_.jpg,group of fish swimming in the water near coral reef
"f_r_1986_.jpg,""coral reefs in the great barrier reef, australia"""
f_r_1987_.jpg,several fish are swimming around coral reef
f_r_1989_.jpg,group of fish swimming in the water
f_r_1990_.jpg,group of fish on the bottom of the ocean
f_r_1991_.jpg,scuba diver swims over coral reef
f_r_1995_.jpg,green sea turtle swimming in the ocean near coral reefs
f_r_1997_.jpg,anemone and clown fish on coral reef
f_r_1999_.jpg,black and white fish swimming near coral reef
f_r_2_.jpg,an orange and blue fish swimming near coral reef
f_r_200_.jpg,anemone and clown fish on coral reef
f_r_2001_.jpg,green sea turtle swimming in the grass
f_r_2003_.jpg,an underwater view of coral reef with many different types of corals
f_r_2004_.jpg,scuba diver on coral reef
f_r_2005_.jpg,red crab on the ocean floor
f_r_2011_.jpg,coral reef in the red sea
f_r_2012_.jpg,an underwater view of coral reef with many different types of fish
f_r_2013_.jpg,coral reef with many small fish swimming around it
f_r_2015_.jpg,yellow and black fish swims next to coral reef
f_r_2016_.jpg,an underwater view of coral reef and fish
f_r_2017_.jpg,an underwater view of coral reef with many fish
f_r_2018_.jpg,stingray swims in the water near coral reef
f_r_2019_.jpg,an eel swimming on coral reef
f_r_2020_.jpg,group of blue and black fish on coral reef
"f_r_2030_.jpg,""snorkeling in the great barrier reef, australia"""
f_r_2031_.jpg,red fish on coral reef
f_r_2032_.jpg,small fish is sitting on coral reef
f_r_2033_.jpg,an underwater view of sea lion and some corals
f_r_2039_.jpg,an underwater view of coral reef with fish
f_r_204_.jpg,person swimming next to shark in the ocean
f_r_2041_.jpg,an orange and blue clown fish swimming in the ocean
f_r_2043_.jpg,an underwater view of coral reef with fish
f_r_2048_.jpg,an underwater view of coral reef with an orange sponge
f_r_2050_.jpg,an angelfish on coral reef stock video footage
f_r_2053_.jpg,butterfly fish is swimming on coral reef
f_r_2055_.jpg,an underwater view of coral reef with many different types of fish
f_r_2058_.jpg,anemone and clown fish on the reef
f_r_2059_.jpg,colorful parrotfish swims near coral reef
f_r_2060_.jpg,green turtle swimming in the ocean near rocks
f_r_2067_.jpg,tropical fish on coral reef
f_r_2069_.jpg,an underwater view of coral reef with sponges and fish
f_r_2074_.jpg,close up of an octopus swimming in the ocean
f_r_2075_.jpg,an underwater view of reef with fish and coral
f_r_2077_.jpg,blue and yellow fish is swimming near coral reef
f_r_2079_.jpg,coral reef in the red sea
f_r_2080_.jpg,an underwater view of coral reef
f_r_2082_.jpg,group of fish swimming on coral reef
f_r_2083_.jpg,anemone and fish swimming in the ocean
f_r_2084_.jpg,group of sharks swimming in the ocean
f_r_210_.jpg,fish swimming in the ocean with other fish around it
f_r_216_.jpg,black and white sea slug on coral reef
f_r_217_.jpg,group of fish swimming around coral reef
f_r_219_.jpg,coral reef in the caribbean
f_r_220_.jpg,group of fish swimming in the ocean
f_r_222_.jpg,coral reef in the red sea
f_r_224_.jpg,anemone and fish swimming in the ocean
f_r_225_.jpg,coral reef with pink and white sponges
f_r_226_.jpg,blue and yellow fish swimming in the water
f_r_227_.jpg,an underwater view of coral reefs and fish
f_r_23_.jpg,an underwater view of coral reef with many fish
f_r_230_.jpg,coral reef with many different types of soft corals
f_r_231_.jpg,an aquarium full of colorful fish and corals
f_r_235_.jpg,fish swim around coral reef in the ocean
f_r_236_.jpg,red jellyfish floating in the ocean under starry sky
f_r_237_.jpg,an underwater view of coral reef with lots of fish
f_r_245_.jpg,large manta ray swimming in the ocean
f_r_248_.jpg,green sea turtle swimming in the ocean
f_r_258_.jpg,great white shark swimming in the ocean
f_r_26_.jpg,red and white fish on coral reef
f_r_262_.jpg,man in scuba suit is holding an object underwater
f_r_264_.jpg,large pink anemone sitting on top of coral reef
f_r_267_.jpg,large group of fish swimming in the ocean
f_r_269_.jpg,group of dolphins swimming in the ocean
"f_r_270_.jpg,""coral reef in the red sea, egypt"""
f_r_271_.jpg,blue and black fish swimming on coral reef
f_r_274_.jpg,an underwater view of coral reef with lots of fish
f_r_277_.jpg,lionfish swimming in an aquarium with blue lights
f_r_278_.jpg,coral reef in the red sea
f_r_279_.jpg,group of red fish swimming in coral reef
f_r_280_.jpg,yellow fish is sitting on top of coral
f_r_281_.jpg,lobster laying on top of some coral
f_r_282_.jpg,manta ray swimming near rock wall
f_r_283_.jpg,small fish swimming in the ocean with blue water
f_r_285_.jpg,group of fish swimming in the ocean
"f_r_286_.jpg,""clownfish in anemone, maldives"""
f_r_287_.jpg,large group of fish swimming in the ocean
f_r_289_.jpg,black and white sea slug on coral reef
f_r_290_.jpg,turtle and fish on the ocean floor
f_r_294_.jpg,an underwater view of reef with many fish
f_r_295_.jpg,group of yellow and black fish swimming in the ocean
f_r_297_.jpg,green sea turtle is swimming in the ocean
f_r_3_.jpg,an orange fish swims on coral reef
f_r_30_.jpg,colorful fish sits on top of coral reef
f_r_300_.jpg,fish swimming in the ocean near coral reef
f_r_301_.jpg,colorful coral reef with many different types of fish
f_r_312_.jpg,blue and white clam on coral reef
f_r_316_.jpg,two blue and yellow sea slugs on rock
f_r_319_.jpg,clownfish and anemone fish swimming in the ocean
f_r_32_.jpg,large group of yellow fish swimming on coral reef
f_r_320_.jpg,group of blue and black fish on coral reef
f_r_322_.jpg,stingray swims in the ocean near some fish
f_r_325_.jpg,an underwater view of coral reef with fish
f_r_328_.jpg,an underwater view of coral reef with lots of fish
f_r_337_.jpg,coral reef with many different types of corals
f_r_339_.jpg,green sea turtle swimming in the ocean
f_r_34_.jpg,large group of fish swimming in the ocean
f_r_340_.jpg,two fish swimming in the water near coral reef
f_r_351_.jpg,an underwater view of coral reef with lots of fish
f_r_352_.jpg,an underwater scene with coral reefs and fish
f_r_358_.jpg,green sea turtle on coral reef in the red sea
f_r_359_.jpg,coral reef with many different types of fish
f_r_360_.jpg,an underwater view of reef with fish and coral
f_r_361_.jpg,fish swim around coral reef in the middle of the ocean
f_r_364_.jpg,green and yellow eel is hiding in the sand
f_r_366_.jpg,nautilus swimming in the water near coral
f_r_367_.jpg,group of clown fish and anemones on coral reef
f_r_37_.jpg,coral reef with variety of fish and corals
f_r_370_.jpg,fish on coral reef
f_r_371_.jpg,an underwater view of coral reef with many fish
f_r_372_.jpg,close up view of sea anemone
f_r_375_.jpg,group of red fish swimming in the ocean
f_r_376_.jpg,fish swims over coral reef in the red sea
f_r_377_.jpg,green sea turtle swimming in the ocean
f_r_381_.jpg,group of fish swimming around coral reef
f_r_382_.jpg,coral reef with fish swimming around it
f_r_4_.jpg,an underwater view of reef with fish and coral
f_r_401_.jpg,group of black and white fish swimming in the ocean
f_r_407_.jpg,tropical fish swimming on coral reef in the caribbean sea
f_r_410_.jpg,underwater view of coral reefs and fish in the ocean
f_r_414_.jpg,an underwater view of coral reef with many different types of fish
"f_r_416_.jpg,""coral reef in the great barrier reef, australia"""
f_r_417_.jpg,group of fish swim around coral reef
f_r_420_.jpg,lionfish swimming in the ocean near some coral
f_r_421_.jpg,an orange crab on the ocean floor
f_r_423_.jpg,two manta rays swimming in the ocean near coral reefs
"f_r_426_.jpg,""red sea fan on the great barrier reef, australia"""
f_r_43_.jpg,tropical fish on coral reef in the caribbean
f_r_430_.jpg,two clown fish on coral reef with anemones
f_r_433_.jpg,an orange squid with long tentacles swimming in the ocean
f_r_436_.jpg,large sunfish swimming in the ocean
f_r_437_.jpg,large group of fish swimming around coral reef
f_r_438_.jpg,group of fish swimming in the ocean
f_r_440_.jpg,an underwater view of coral reef with sponges
f_r_441_.jpg,two manta rays swimming in the ocean
f_r_443_.jpg,group of fish swimming in the ocean
f_r_444_.jpg,an underwater view of coral reef with lots of fish
f_r_445_.jpg,two large fish swimming next to each other in the ocean
f_r_447_.jpg,coral reef with fish swimming around it
f_r_448_.jpg,group of fish swimming on coral reef
f_r_449_.jpg,turtle swimming over coral reef in the ocean
f_r_450_.jpg,two striped fish on coral reef in the ocean
f_r_451_.jpg,two red fish swimming in coral reef
f_r_452_.jpg,hawaiian green sea turtle
f_r_453_.jpg,stingray swimming in the ocean near some rocks
f_r_454_.jpg,an underwater view of coral reef with fish
f_r_456_.jpg,clownfish in the red sea
f_r_459_.jpg,divers exploring coral reef in the great barrier reef great barrier reef stock videos royalty-free footage
"f_r_460_.jpg,""the great barrier reef, australia"""
f_r_469_.jpg,coral reef in the caribbean
f_r_470_.jpg,green sea turtle swimming in the ocean
f_r_472_.jpg,white fish with red eyes swimming in the sand
f_r_473_.jpg,two scuba divers are swimming over coral reef
f_r_480_.jpg,lionfish on the coral reef
f_r_481_.jpg,humpback whale and its calf swim in the ocean
f_r_484_.jpg,two clown fish in an anemone on the reef
f_r_487_.jpg,turtle swimming over coral reef in the ocean
f_r_489_.jpg,large group of fish swimming in the ocean
f_r_49_.jpg,anemone and clown fish swimming in the ocean
f_r_490_.jpg,lionfish on coral reef
f_r_491_.jpg,green sea turtle on coral reef
f_r_495_.jpg,two large black and brown fish swimming in the ocean
f_r_499_.jpg,small fish is sitting on top of coral reef
f_r_50_.jpg,two manta rays swimming in the ocean
f_r_500_.jpg,coral reef with many different types of fish
f_r_501_.jpg,large orange sea fan on the ocean floor
f_r_502_.jpg,large group of black and blue fish swimming in the ocean
f_r_503_.jpg,an underwater view of coral reefs and fish
f_r_505_.jpg,group of black and blue fish swimming in the ocean
f_r_510_.jpg,group of fish swimming in the ocean
f_r_512_.jpg,blue parrotfish on coral reef
f_r_513_.jpg,an underwater view of coral reef with many fish
f_r_514_.jpg,green sea turtle swimming near coral reef
f_r_52_.jpg,group of fish swimming in the ocean
f_r_520_.jpg,coral reef with many different types of fish
f_r_521_.jpg,an orange and white sea slug on rock
f_r_522_.jpg,green sea turtle swimming in the ocean
f_r_524_.jpg,black fish swimming in the ocean near rocks
f_r_525_.jpg,large group of fish swimming in the ocean
f_r_526_.jpg,an image of fish on the coral reef
f_r_527_.jpg,red fish is sitting on coral reef
f_r_528_.jpg,turtle swimming over coral reef in the ocean
f_r_529_.jpg,large group of yellow and black fish swimming in the ocean
f_r_532_.jpg,large turtle swimming in the ocean near some rocks
f_r_534_.jpg,group of fish swimming on coral reef
f_r_536_.jpg,shark swimming in the ocean with two other sharks
f_r_538_.jpg,group of sea urchins on coral reef
f_r_540_.jpg,colorful fish is sitting on top of coral
f_r_546_.jpg,an underwater scene with coral and fish
f_r_547_.jpg,anemone and clown fish on coral reef
f_r_55_.jpg,an underwater view of coral reef with sponges and fish
f_r_557_.jpg,blue and yellow spotted fish on coral reef
f_r_560_.jpg,school of fish swimming over coral reef
f_r_564_.jpg,tropical fish swimming in coral reef
f_r_566_.jpg,coral reef with many different types of fish
f_r_567_.jpg,colorful fish on coral reef in the red sea
f_r_568_.jpg,green sea turtle on coral reef
f_r_569_.jpg,coral reef with many different types of corals
f_r_57_.jpg,an orange and black fish is sitting on coral reef
f_r_570_.jpg,turtle swimming in the ocean near coral reefs
f_r_572_.jpg,group of sharks swimming in the ocean
f_r_573_.jpg,group of dolphins swimming in the ocean
f_r_576_.jpg,lionfish swimming in the ocean
f_r_577_.jpg,coral reef with colorful sponges and fish
f_r_581_.jpg,two blue and yellow fish swimming in the ocean
f_r_583_.jpg,black and white striped puffer fish in the water
f_r_589_.jpg,an underwater view of coral reef with blue fish
f_r_591_.jpg,group of fish on coral reef in the ocean
f_r_593_.jpg,coral reef with many different types of fish
f_r_594_.jpg,an underwater view of coral reef with fish swimming around it
f_r_597_.jpg,coral reef with many fish swimming around it
f_r_6_.jpg,an underwater view of coral reef with many fish
f_r_602_.jpg,red coral on the ocean floor
f_r_603_.jpg,pink anemone on the ocean floor
f_r_605_.jpg,group of fish swimming in the ocean
f_r_606_.jpg,coral reef with many fish swimming around it
f_r_608_.jpg,large group of blue fish swimming on coral reef
f_r_609_.jpg,red starfish on the ocean floor
f_r_61_.jpg,group of tropical fish on coral reef
f_r_613_.jpg,coral reef with many different types of corals
f_r_615_.jpg,group of yellow fish swimming in the ocean
f_r_616_.jpg,group of colorful fish swimming in the ocean
f_r_618_.jpg,coral reef in the caribbean stock videos royalty-free footage
f_r_62_.jpg,green sea turtle swimming in the ocean
f_r_620_.jpg,coral reef in the red sea
f_r_621_.jpg,green sea turtle swimming in the ocean
f_r_622_.jpg,group of jellyfish swimming in the ocean
f_r_624_.jpg,anemone fish on coral reef in the red sea
f_r_627_.jpg,coral reefs and scuba divers in the ocean
f_r_63_.jpg,group of black and white fish swimming in the ocean
f_r_630_.jpg,coral reefs in the great barrier reef
f_r_631_.jpg,lionfish is swimming on coral reef
f_r_632_.jpg,coral reef with many different types of sea anemones
f_r_635_.jpg,colorful reef with fish and corals
f_r_636_.jpg,two large black and pink fish swimming in the ocean
f_r_638_.jpg,anemone fish and clown fish in the ocean
f_r_639_.jpg,fish on coral reef in the ocean
f_r_64_.jpg,an underwater view of coral reef with many fish
f_r_640_.jpg,an underwater view of rocks covered in green algae
f_r_643_.jpg,group of fish swim in the water near coral reef
f_r_647_.jpg,green sea turtle swims over coral reef
f_r_648_.jpg,two manta rays swimming in the ocean near coral reefs
f_r_649_.jpg,anemone and clown fish swimming in the ocean
f_r_65_.jpg,puffer fish in the water near rocks
f_r_650_.jpg,blue and green fish on coral reef
f_r_651_.jpg,anemone and clown fish swimming in the ocean
f_r_653_.jpg,large group of fish swimming on coral reef
f_r_655_.jpg,two black and white fish swimming near coral reefs
f_r_656_.jpg,green sea turtle swimming in the ocean
f_r_658_.jpg,pink sea fan on coral reef
f_r_66_.jpg,an underwater view of coral reef with fish
f_r_660_.jpg,an underwater view of coral reefs and fish
f_r_661_.jpg,group of dolphins swimming in the ocean
f_r_663_.jpg,yellow and black fish on coral reef
f_r_665_.jpg,clown fish in an anemone
f_r_669_.jpg,an underwater view of coral reef with colorful fish
f_r_67_.jpg,green sea turtle swimming over coral reef
f_r_671_.jpg,group of dolphins swimming in the ocean
f_r_672_.jpg,group of fish swimming on coral reef
f_r_673_.jpg,fish is swimming on coral reef surrounded by other fish
f_r_674_.jpg,green sea turtle swimming in the ocean
f_r_675_.jpg,hand reaching out to touch fish in the ocean
f_r_676_.jpg,coral reef with many fish and corals
f_r_678_.jpg,coral reef with many different types of anemones
f_r_68_.jpg,large group of fish swimming in the ocean
f_r_681_.jpg,coral reef in the red sea
f_r_682_.jpg,puffer fish on coral reef in the red sea
f_r_683_.jpg,group of fish swimming near shipwreck
f_r_684_.jpg,large manta ray swimming in the ocean
f_r_686_.jpg,large group of fish swimming in coral reef
f_r_688_.jpg,large group of yellow and black fish swimming in the water
"f_r_691_.jpg,""coral reef in the great barrier reef, australia"""
f_r_692_.jpg,green sea turtle swimming in the ocean
f_r_694_.jpg,coral reef with many different types of fish
f_r_698_.jpg,an underwater view of coral reef with fish
f_r_7_.jpg,an orange and black fish swimming on the reef
"f_r_70_.jpg,""diving in the great barrier reef, australia"""
f_r_700_.jpg,coral reef in the caribbean
f_r_702_.jpg,group of fish on coral reef
f_r_704_.jpg,an underwater view of coral reef with some plants
f_r_706_.jpg,an underwater scene with corals and fish
f_r_707_.jpg,an underwater view of coral reef and fish
f_r_708_.jpg,large group of fish swimming in the ocean
f_r_709_.jpg,large fish swimming in the ocean under water
f_r_71_.jpg,red cuttlefish swimming on the ocean floor
f_r_710_.jpg,an underwater view of coral reef with fish
f_r_712_.jpg,coral reef with many different types of fish
f_r_714_.jpg,anemone and clown fish on coral reef
f_r_722_.jpg,an orange and black butterflyfish swims near coral reef
f_r_725_.jpg,black and blue butterflyfish on coral reef
f_r_726_.jpg,two small fish swimming in the ocean near rocks
f_r_729_.jpg,anemonia and clown fish swimming in the ocean
f_r_732_.jpg,coral reef in the caribbean sea
f_r_735_.jpg,humpback whale swimming in the ocean
f_r_739_.jpg,two dolphins swimming in the ocean near each other
f_r_74_.jpg,green turtle swimming over coral reef
f_r_741_.jpg,an underwater view of coral reef with many different types of corals
f_r_744_.jpg,group of dolphins swimming in the ocean
f_r_745_.jpg,an underwater view of coral reef with many different types of fish
f_r_753_.jpg,an image of fish on the coral reef
f_r_754_.jpg,scuba diver swims over coral reef
f_r_757_.jpg,yellow and black striped fish on coral reef
f_r_758_.jpg,an underwater view of coral reef with colorful fish
f_r_759_.jpg,blacktip shark swimming in the ocean near coral reefs
f_r_760_.jpg,two fish swimming near each other in the water
f_r_764_.jpg,striped fish swimming on coral reef
f_r_766_.jpg,coral reefs in the caribbean
f_r_769_.jpg,red fish with yellow eyes is sitting on top of coral
f_r_771_.jpg,black and white striped fish in an aquarium
f_r_772_.jpg,black and white butterfly fish swimming in the ocean
f_r_773_.jpg,blue and yellow fish is swimming in the ocean
f_r_775_.jpg,sting ray swimming in shallow water
f_r_778_.jpg,an orange and yellow clown fish swims near coral reef
f_r_785_.jpg,green sea turtle swimming in the ocean
f_r_795_.jpg,colorful tropical fish swimming on the coral reef
f_r_797_.jpg,an underwater view of an old ship in the ocean
f_r_8_.jpg,coral reef in the red sea
f_r_813_.jpg,green sea turtle swimming over coral reef
f_r_814_.jpg,an orange clown fish in sea anemone
f_r_816_.jpg,manta ray swimming in the ocean
f_r_821_.jpg,group of black and yellow fish swimming on coral reef
f_r_823_.jpg,biological species on the reef
f_r_824_.jpg,scuba diver swims over coral reef
f_r_826_.jpg,close up view of sea weed underwater
f_r_828_.jpg,two clown fish on coral reef canvas print
f_r_829_.jpg,green sea turtle swimming in the ocean
f_r_83_.jpg,shark is swimming near some rocks and coral
f_r_834_.jpg,two black and white fish are swimming in anemones
f_r_84_.jpg,red starfish on the bottom of the ocean
f_r_840_.jpg,group of blue fish swimming on coral reef
f_r_841_.jpg,two clown fish swimming in anemones on reef
f_r_842_.jpg,green sea turtle swimming in the ocean
f_r_845_.jpg,red and pink fish is sitting on the sand
f_r_846_.jpg,lionfish swimming in the ocean
f_r_851_.jpg,close up of red fish with its mouth open
f_r_856_.jpg,group of yellow fish swimming on coral reef
f_r_863_.jpg,an aquarium with many colorful fish and corals
f_r_865_.jpg,large shark swimming in an aquarium
f_r_867_.jpg,fish is swimming on coral reef in the ocean
f_r_869_.jpg,large group of fish swimming in the ocean
f_r_870_.jpg,anemone on rock in the ocean
f_r_873_.jpg,green sea turtle swimming in the ocean
f_r_874_.jpg,green sea turtle swimming in the ocean
f_r_877_.jpg,group of fish swimming in the ocean
f_r_886_.jpg,jellyfish swimming in the ocean with other fish
f_r_891_.jpg,large group of fish swimming in the ocean
f_r_892_.jpg,an underwater view of large fan on the ocean floor
f_r_896_.jpg,black and yellow fish with white sponges
f_r_9_.jpg,two fish swimming in the ocean near coral reef
f_r_90_.jpg,purple fish in an aquarium with green algae
f_r_900_.jpg,group of sharks swimming in the ocean
f_r_903_.jpg,shark is laying on the sand near coral reef
f_r_905_.jpg,fish with black and white stripes on the bottom of the ocean
f_r_906_.jpg,large clam shell on the bottom of the ocean
f_r_907_.jpg,group of scuba divers are diving in the ocean
f_r_908_.jpg,green sea turtle swimming in the ocean
f_r_909_.jpg,lionfish swims in front of coral reef
f_r_911_.jpg,manass swimming in the ocean with many fish around it
f_r_912_.jpg,anemone and fish swimming in the ocean
f_r_913_.jpg,green sea turtle swimming over coral reef
f_r_914_.jpg,close up view of some coral in an aquarium
f_r_915_.jpg,two yellow and black fish swimming on coral reef
f_r_916_.jpg,lionfish swimming in the ocean near shipwreck
f_r_919_.jpg,two black and white fish swimming over coral reef
f_r_920_.jpg,green turtle swimming over coral reef
f_r_921_.jpg,an underwater view of an old ship in the ocean
f_r_922_.jpg,black and white butterflyfish swims near coral reef
f_r_923_.jpg,an angel fish swimming in the ocean
f_r_924_.jpg,group of black and white fish swimming in the ocean
f_r_931_.jpg,several black and yellow fish swimming in the ocean
f_r_932_.jpg,woman swimming with fish in the ocean
f_r_934_.jpg,large group of fish swimming in the ocean
f_r_936_.jpg,black and white fish is swimming near purple sponge
f_r_939_.jpg,jellyfish floating in the ocean with its tentacles out
f_r_94_.jpg,blue and white fish on coral reef
f_r_940_.jpg,coral reef in the caribbean sea
f_r_949_.jpg,manta ray swimming in the ocean with its mouth open
f_r_953_.jpg,an angelfish swimming near coral reef
f_r_956_.jpg,clown fish and anemone on coral reef
f_r_961_.jpg,an angelfish swimming in the ocean near coral reefs
f_r_963_.jpg,anemone and fish swimming in the ocean
f_r_968_.jpg,group of sea turtles swimming in the ocean
f_r_969_.jpg,green sea turtle swimming over coral reef
f_r_97_.jpg,coral reef with many different types of corals
f_r_970_.jpg,moray eel in coral reef
f_r_973_.jpg,coral reef in the caribbean
f_r_974_.jpg,an orange squid swimming in the ocean
f_r_975_.jpg,red and white fish is sitting on coral reef
f_r_979_.jpg,group of fish swimming around an anemone
f_r_980_.jpg,lobster sitting on top of coral
f_r_988_.jpg,black and white striped fish swimming in the ocean
f_r_989_.jpg,brown eel swimming in the ocean near some coral
f_r_991_.jpg,large group of fish swimming in the ocean
f_r_992_.jpg,yellow sponges growing on coral reef
f_r_993_.jpg,underwater view of fish swimming in the ocean
f_r_999_.jpg,fish swimming in an aquarium with coral and rocks
n_l_1_.jpg,scuba diver in the water near coral reef
n_l_10_.jpg,an angelfish swimming on coral reef
n_l_101_.jpg,purple and yellow sea anemone on the sand
n_l_103_.jpg,an orange crab on the bottom of the ocean
n_l_104_.jpg,coral reef with blue fish swimming in the water
n_l_105_.jpg,coral reef with tropical fish and corals
n_l_106_.jpg,man in green shirt is underwater holding an object
n_l_107_.jpg,white fish with blue eyes swimming in the sand
n_l_108_.jpg,red and white fish on coral reef
n_l_109_.jpg,an underwater scene with coral and fish
n_l_11_.jpg,green sea turtle swimming in the ocean
n_l_110_.jpg,green sea turtle swimming in the ocean near coral reefs
n_l_112_.jpg,close up view of some coral in an aquarium
n_l_13_.jpg,manta ray swimming in the ocean
n_l_14_.jpg,an underwater view of coral reef with many different types of fish
n_l_16_.jpg,person snorkeling in the ocean near some rocks
n_l_17_.jpg,group of corals and sponges on the ocean floor
n_l_19_.jpg,coral reef with fish swimming in the water
n_l_2_.jpg,fish is sitting on the bottom of the ocean
n_l_20_.jpg,coral reef in the caribbean
n_l_21_.jpg,man holding surfboard under water
n_l_22_.jpg,coral reef with fish swimming in the water
n_l_23_.jpg,man in scuba gear holding piece of paper
n_l_24_.jpg,an underwater view of sea fan in the ocean
n_l_25_.jpg,small boat floating in the ocean with rope attached to it
n_l_27_.jpg,person swimming underwater with camera
n_l_28_.jpg,person swimming in the ocean with surfboard
n_l_30_.jpg,person scuba diving on coral reef
n_l_31_.jpg,pufferfish with yellow eyes swimming in the ocean
n_l_32_.jpg,man in green shirt is holding camera underwater
n_l_33_.jpg,two fish swimming near each other in the water
n_l_34_.jpg,group of fish on the bottom of the ocean
n_l_35_.jpg,yellow sea sponge on the bottom of the ocean
n_l_37_.jpg,person scuba diving over coral reefs
n_l_38_.jpg,an underwater scene with coral and fish
n_l_39_.jpg,coral reef with fish swimming in the water
n_l_4_.jpg,coral reefs in the bahamas
n_l_40_.jpg,small gray fish with black eyes on the ocean floor
n_l_41_.jpg,red crab on the ocean floor
n_l_42_.jpg,two scuba divers holding hands in the water
n_l_45_.jpg,conch shell on the sand
n_l_46_.jpg,an angel fish in the red sea
n_l_47_.jpg,coral reefs and fish swimming in the ocean
n_l_49_.jpg,man in green shirt and snorgles underwater
n_l_5_.jpg,green sea turtle swimming in the ocean
n_l_50_.jpg,coral reef underwater stock videos royalty-free footage
n_l_51_.jpg,boy in green shirt is swimming under water
n_l_53_.jpg,group of people scuba diving in the ocean
n_l_55_.jpg,person scuba diving in the ocean near coral reefs
n_l_56_.jpg,an orange sea fan on coral reef
n_l_57_.jpg,fish swimming in the ocean with other fish around it
n_l_58_.jpg,group of black and white fish swimming in the ocean
n_l_59_.jpg,blue and yellow fish
n_l_6_.jpg,anemone on the seabed
n_l_61_.jpg,coral reefs and fish in the great barrier reef
n_l_62_.jpg,red and white jellyfish on the ocean floor
n_l_63_.jpg,coral reef and fish swimming in the ocean
n_l_64_.jpg,man and woman swimming in the ocean
n_l_65_.jpg,colorful fish swimming in the ocean near coral reefs
n_l_66_.jpg,two people swimming in the ocean with camera underwater
n_l_67_.jpg,blue fish is swimming in the ocean near some coral
n_l_68_.jpg,coral reef with tropical fish and corals
n_l_69_.jpg,blue starfish on the bottom of the ocean
n_l_7_.jpg,group of people swimming in the ocean
n_l_70_.jpg,sting ray laying on the bottom of the ocean
n_l_71_.jpg,coral reefs in the caribbean
n_l_72_.jpg,blue and yellow fish swimming in the ocean
n_l_73_.jpg,red and black fish swimming near coral reef
n_l_74_.jpg,three scuba divers in the water near coral reef
n_l_75_.jpg,black and blue butterflyfish on coral reef
n_l_76_.jpg,colorful fish swims in the ocean near rocks
n_l_77_.jpg,two fish swimming in the ocean near coral reef
n_l_78_.jpg,two colorful fish swimming in the ocean near coral reefs
n_l_8_.jpg,starfish with spikes on its back
n_l_80_.jpg,stingray and group of fish on the ocean floor
n_l_81_.jpg,two people in wetsuits swimming under water
n_l_82_.jpg,an angel fish swimming in the ocean
n_l_83_.jpg,small blue fish is swimming in an aquarium
n_l_85_.jpg,coral reefs and fish in the ocean
n_l_86_.jpg,black and yellow angelfish swimming in the ocean
n_l_88_.jpg,stingray on the bottom of the ocean
n_l_89_.jpg,group of pink fish swimming in the ocean
n_l_9_.jpg,person swimming underwater with camera attached to it
n_l_90_.jpg,two large black and brown fish swimming in the ocean
n_l_91_.jpg,coral reef with many different types of corals
n_l_93_.jpg,an underwater view of coral reef with lots of fish
n_l_94_.jpg,stingray swimming in the ocean near coral reef
n_l_95_.jpg,group of fish swimming in the ocean
n_l_96_.jpg,sea turtle swimming in the grass
n_l_97_.jpg,green sea turtle swimming in the ocean
n_l_98_.jpg,blue starfish on the bottom of the ocean
n_l_99_.jpg,an underwater view of white box floating in the ocean
w_r_1_.jpg,two scuba divers in the water near rope
w_r_100_.jpg,group of scuba divers in the water near an old shipwreck
w_r_102_.jpg,scuba diver in the water next to an old boat
w_r_103_.jpg,divers exploring the wreck of sunken ship in the ocean
w_r_104_.jpg,an underwater view of an old tank in the water
w_r_105_.jpg,an underwater view of an old shipwreck
w_r_106_.jpg,an underwater view of an old airplane sitting on the ocean floor
w_r_107_.jpg,scuba diver is looking at the wreck of an old ship
w_r_108_.jpg,scuba diver swims near an old shipwreck
w_r_11_.jpg,scuba diver with rope and anchor on the ocean floor
w_r_110_.jpg,an old tank sitting on the bottom of the ocean
w_r_112_.jpg,scuba diver in the water near an old shipwreck
w_r_113_.jpg,an underwater view of an old shipwreck
w_r_114_.jpg,the wreck of sunken ship on the ocean floor
w_r_117_.jpg,two scuba divers are in the water near an old shipwreck
w_r_118_.jpg,an airplane that has been underwater for long time
w_r_119_.jpg,scuba diver in an underwater tunnel
w_r_120_.jpg,diver in scuba suit looking at an old wreck
w_r_121_.jpg,scuba diver is looking at an old shipwreck
w_r_122_.jpg,diver swims next to sunken ship
w_r_123_.jpg,an old boat is sitting in the water
w_r_124_.jpg,the wreck of sunken ship in the ocean
w_r_125_.jpg,diver is standing next to an old propeller
w_r_126_.jpg,scuba diver on the bow of an old boat
w_r_127_.jpg,group of scuba divers in the water near an old ship
w_r_128_.jpg,diver is looking at wreck on the ocean floor
w_r_129_.jpg,an underwater view of the wreck of an old ship
w_r_130_.jpg,diver is looking at an old ship in the ocean
w_r_131_.jpg,an underwater view of plane that has been sunken
w_r_132_.jpg,man in scuba suit standing next to an old ship wheel
w_r_133_.jpg,an underwater view of an old airplane in the ocean
w_r_134_.jpg,painting of an old airplane in the ocean
w_r_135_.jpg,an underwater view of an old shipwreck
w_r_136_.jpg,two scuba divers in the water near an ancient shipwreck
w_r_137_.jpg,scuba diver in the water looking at coral reef
w_r_138_.jpg,an old airplane sits on top of coral reef
w_r_139_.jpg,an underwater view of the wreck of an old ship
w_r_142_.jpg,scuba diver is standing on the deck of an old ship
w_r_143_.jpg,scuba diver in the water near an old shipwreck
w_r_144_.jpg,two scuba divers are looking at the wreck of an old ship
w_r_148_.jpg,an underwater view of the wreck of ship
w_r_149_.jpg,scuba diver in front of an old ship
w_r_151_.jpg,divers exploring the wreck of the great british warship the royal carribean
w_r_152_.jpg,scuba diver in the water near an old shipwreck
w_r_153_.jpg,two scuba divers in the water near sunken ship
w_r_154_.jpg,the wreck of the titanic
w_r_155_.jpg,an underwater view of an old tank in the ocean
w_r_156_.jpg,the wreck of sunken ship in the ocean
w_r_158_.jpg,group of scuba divers in the water near an old shipwreck
w_r_159_.jpg,an underwater view of an old submarine in the ocean
w_r_16_.jpg,two scuba divers in the water near an old shipwreck
w_r_160_.jpg,scuba diver in the water looking at coral reef
w_r_162_.jpg,an underwater view of pile of old vases on the ocean floor
w_r_165_.jpg,an underwater view of an old shipwreck
w_r_166_.jpg,two scuba divers are working on wreck
w_r_167_.jpg,the wreck of sunken ship in the red sea
w_r_168_.jpg,scuba diver in the water near sunken ship
w_r_169_.jpg,an underwater view of sunken ship
w_r_17_.jpg,group of scuba divers in the water near an old shipwreck
w_r_170_.jpg,an airplane that is underwater in the ocean
w_r_171_.jpg,scuba diver is standing on the deck of an old ship
w_r_172_.jpg,man swimming in the ocean near an old shipwreck
w_r_173_.jpg,man in wetsuit is standing next to an underwater pile of debris
w_r_174_.jpg,an underwater view of sunken ship
w_r_175_.jpg,two scuba divers are looking at an old propeller
w_r_176_.jpg,person swimming in the ocean near shipwreck
w_r_177_.jpg,person scuba diving in the ocean near some rocks
w_r_178_.jpg,an underwater photo of an old boat in the ocean
w_r_179_.jpg,divers explore the wreck of ship in the ocean
w_r_18_.jpg,an old ship's anchor is attached to the bottom of the ocean
w_r_180_.jpg,an underwater view of an old ship in the ocean
w_r_181_.jpg,scuba diver in front of an old ship
w_r_182_.jpg,divers explore the wreck of ship in the red sea
w_r_183_.jpg,scuba diver in front of an old shipwreck
w_r_184_.jpg,scuba diver in the water near sunken ship
w_r_185_.jpg,scuba diver looks at an old shipwreck in the ocean
w_r_186_.jpg,divers exploring the wreck of an old airplane
w_r_187_.jpg,an underwater view of an old shipwreck
w_r_188_.jpg,man in scuba gear looking at an underwater tank
w_r_189_.jpg,two scuba divers in the water near sunken ship
w_r_19_.jpg,group of scuba divers are standing on the bottom of ship
w_r_190_.jpg,divers explore the wreck of sunken ship in the red sea
w_r_192_.jpg,an underwater view of an old shipwreck in the ocean
w_r_193_.jpg,an underwater view of submarine in the water
w_r_194_.jpg,divers explore the wrecks of sunken ship off the coast of maldives
w_r_195_.jpg,an underwater view of an old boat on the ocean floor
w_r_196_.jpg,an old tank sitting on the bottom of the ocean
w_r_198_.jpg,scuba diver is looking at fish on the side of ship
w_r_2_.jpg,scuba diver in the middle of large body of water
w_r_20_.jpg,group of scuba divers in the water near sunken ship
w_r_202_.jpg,scuba diver standing on top of an old boat
w_r_204_.jpg,an underwater view of an airplane that has been sunken in the ocean
w_r_205_.jpg,an underwater statue of man sitting on top of rock
w_r_206_.jpg,person scuba diving in the ocean near wreck
w_r_207_.jpg,an underwater view of an old shipwreck
w_r_208_.jpg,an underwater view of the wreck of an old ship
w_r_209_.jpg,an underwater view of the wreck of ship
w_r_210_.jpg,diver is underwater looking at an old shipwreck
w_r_211_.jpg,diver is looking at wreck in the ocean
w_r_212_.jpg,boat with chain attached to it in the ocean
w_r_213_.jpg,an underwater view of an old boat on the ocean floor
w_r_214_.jpg,diver in the water with scuba mask on
w_r_215_.jpg,diver is underwater looking at shipwreck
w_r_218_.jpg,large group of fish swimming near boat
w_r_219_.jpg,an underwater view of the wreck of ship
w_r_220_.jpg,scuba diver is underwater looking at an old ship
w_r_222_.jpg,scuba diver looks at an old wreck in the ocean
w_r_223_.jpg,diver is standing in front of an old shipwreck
w_r_224_.jpg,yellow fish swims near the wreck of ship
w_r_225_.jpg,an underwater view of an old boat on the ocean floor
w_r_226_.jpg,large fish swimming in the ocean with chain attached to it
w_r_227_.jpg,an underwater view of an old shipwreck
w_r_228_.jpg,an underwater view of the deck of ship
w_r_23_.jpg,an underwater view of the wreck of ship
w_r_230_.jpg,diver looking at an old boat on the ocean floor
w_r_231_.jpg,group of scuba divers in the water near an old ship
w_r_232_.jpg,divers exploring the wreck of sunken ship
w_r_233_.jpg,person in scuba suit is underwater next to an old ship
w_r_234_.jpg,an underwater view of an old boat in the sand
w_r_235_.jpg,scuba diver is standing on the bottom of ship
w_r_236_.jpg,an underwater statue of woman standing on top of rocks
w_r_237_.jpg,an underwater view of an old boat and some fish
w_r_238_.jpg,an underwater view of sunken ship
w_r_239_.jpg,scuba diver looks at an old shipwreck
w_r_24_.jpg,group of fish swimming near an old shipwreck
w_r_243_.jpg,group of scuba divers are looking at an old ship
w_r_244_.jpg,large group of fish swimming in the ocean
w_r_245_.jpg,an airplane that has been underwater for long time
w_r_246_.jpg,an underwater view of the wreck of ship
w_r_247_.jpg,scuba diver in the water next to an old ship
w_r_248_.jpg,an underwater view of the wreck of an old ship
w_r_249_.jpg,two scuba divers are in the water near an old shipwreck
w_r_25_.jpg,the wreck of car on the bottom of the ocean
w_r_250_.jpg,group of scuba divers in the water near an old ship
w_r_251_.jpg,an underwater statue of man standing on top of rocks
w_r_253_.jpg,diver is standing on top of an old ship
w_r_254_.jpg,scuba diver in the water near an old ship
w_r_255_.jpg,group of scuba divers in the water near an old ship
w_r_256_.jpg,scuba divers in the water near an old shipwreck
w_r_257_.jpg,an underwater view of an old ship in the ocean
w_r_259_.jpg,scuba diver in the water near an old shipwreck
w_r_262_.jpg,scuba diver in the water near an old shipwreck
w_r_263_.jpg,scuba diver looking at an old shipwreck
w_r_265_.jpg,scuba diver in the water near an old shipwreck
w_r_266_.jpg,diver is looking at shark in the water
w_r_267_.jpg,person scuba diving in the ocean
w_r_268_.jpg,scuba diver in front of an old shipwreck
w_r_27_.jpg,an underwater view of an old shipwreck
w_r_270_.jpg,an underwater view of an old shipwreck
w_r_271_.jpg,divers explore the wreck of sunken ship in the turks and caicos islands
w_r_273_.jpg,scuba diver looking at fish in the ocean
w_r_274_.jpg,diver is standing on the side of an old ship
w_r_276_.jpg,an underwater view of shipwreck in the ocean
w_r_277_.jpg,an underwater view of boat with fish on it
w_r_278_.jpg,scuba diver looks at the wreck of an old ship
w_r_279_.jpg,an underwater view of an old ship in the ocean
w_r_28_.jpg,two scuba divers in the water near an old ship
w_r_281_.jpg,man in scuba suit is standing next to an ancient statue
w_r_282_.jpg,scuba diver in the water near an old ship
w_r_283_.jpg,an underwater statue of man in the water
w_r_284_.jpg,scuba diving in greece
w_r_285_.jpg,scuba diver in the water looking at large object
w_r_286_.jpg,two scuba divers in the water near an old ship
w_r_287_.jpg,scuba diver looking at an old shipwreck
w_r_288_.jpg,person scuba diving in the ocean near ship
w_r_289_.jpg,an underwater view of an old ship in the ocean
w_r_29_.jpg,an ancient stone sculpture on the bottom of the ocean
w_r_291_.jpg,person scuba diving in the ocean near sunken ship
w_r_292_.jpg,diver is standing next to an old ship
w_r_293_.jpg,diver is standing on the side of an old ship
w_r_294_.jpg,diving in the deep blue sea underwater video stock bâ€“rolls royalty-free footage
w_r_295_.jpg,scuba diver in the water looking at an underwater wall
w_r_298_.jpg,divers exploring the wreck of sunken ship
w_r_299_.jpg,ancient greek vase underwater photo
w_r_32_.jpg,an old boat in the water with scuba divers
w_r_33_.jpg,scuba diver in front of sunken ship
w_r_36_.jpg,two scuba divers in the water near an old shipwreck
w_r_38_.jpg,scuba diver is underwater near an old ship
w_r_41_.jpg,an underwater view of the wreck of ship
w_r_42_.jpg,an underwater view of an old ship in the ocean
w_r_44_.jpg,an underwater view of an old ship in the ocean
w_r_45_.jpg,person scuba diving near an old shipwreck
w_r_47_.jpg,an underwater view of an old airplane
w_r_48_.jpg,the propeller of an old boat in the water
w_r_49_.jpg,an underwater view of an old shipwreck
w_r_5_.jpg,an underwater view of an old shipwreck
w_r_51_.jpg,two scuba divers are looking at large piece of wood
w_r_53_.jpg,two scuba divers look at the wreck of an old ship
w_r_54_.jpg,diver swims near an old shipwreck in the ocean
w_r_56_.jpg,scuba diver swims near an old shipwreck
w_r_57_.jpg,divers in the water near sunken ship
w_r_58_.jpg,scuba diver in the water near an old shipwreck
w_r_60_.jpg,an underwater view of sunken ship
w_r_62_.jpg,scuba diver in the water next to large ship
w_r_63_.jpg,an underwater scene with many old pots and vases
w_r_64_.jpg,scuba diver in the water near an old shipwreck
w_r_65_.jpg,an underwater view of rock and coral reef
w_r_66_.jpg,an old airplane that is underwater in the ocean
w_r_67_.jpg,the wreck of an old plane on the ocean floor
w_r_68_.jpg,an underwater vehicle is seen in the ocean
w_r_69_.jpg,an old plane on the bottom of the ocean
w_r_7_.jpg,an underwater view of an old wooden boat
w_r_70_.jpg,an underwater view of ship in the ocean
w_r_71_.jpg,the wreck of ship is surrounded by coral
w_r_73_.jpg,scuba diver looks at an old shipwreck in the ocean
w_r_74_.jpg,divers explore the wreck of sunken ship
w_r_75_.jpg,diver is standing next to an old shipwreck
w_r_76_.jpg,diver is looking at an anchor in the ocean
w_r_77_.jpg,an underwater view of shipwreck in the ocean
w_r_78_.jpg,man in scuba suit is underwater next to an old airplane
w_r_79_.jpg,an old airplane sits on the bottom of the ocean
w_r_8_.jpg,two scuba divers in the water near shipwreck
w_r_80_.jpg,an underwater view of ship in the ocean
w_r_81_.jpg,an underwater view of sunken ship
w_r_82_.jpg,diver is standing on the deck of an old ship
w_r_83_.jpg,man in scuba suit next to an old airplane
w_r_85_.jpg,scuba diver in the water next to an old ship
w_r_86_.jpg,the kittiwake is one of the most famous wrecks in the bahamas
w_r_87_.jpg,diver swimming next to an anchor on the ocean floor
w_r_88_.jpg,scuba diver swims near the wreck of an old ship
w_r_89_.jpg,an old submarine in the ocean
w_r_9_.jpg,scuba diver on the deck of an old ship
w_r_90_.jpg,an old boat is sitting on the bottom of the ocean
w_r_91_.jpg,an image of an underwater plane with clown fish
w_r_92_.jpg,an underwater view of sunken airplane
w_r_93_.jpg,an anchor on the bottom of the ocean
w_r_94_.jpg,an underwater view of the wreck of an old ship
w_r_95_.jpg,scuba diver in front of an old shipwreck
w_r_96_.jpg,an old airplane on the bottom of the ocean
w_r_98_.jpg,scuba diver is looking at an old shipwreck
w_r_99_.jpg,the wreck of sunken ship on the ocean floor
